name,website,lat,lon
B.B. King Museum and Delta Interpretive Center,www.bbkingmuseum.org,33.4495795,-90.64570021
Delta Blues Museum,www.deltabluesmuseum.org,34.20047469,-90.57322279
Delta State University Archives,archives.deltastate.edu,33.74387926,-90.7347612
Elvis Presley Birthplace & Museum,www.elvispresleybirthplace.com,34.26013222,-88.68002254
Gateway to the Blues Museum,TunicaTravel.com/Blues,34.84082339,-90.27329499
GRAMMY Museum® Mississippi,www.grammymuseumms.org,33.74848072,-90.73096546
Black Prairie Blues Museum,http://blackprairiebluesmuseum.com/,33.60686211,-88.6484035
Jimmie Rodgers Museum,www.jimmierodgers.com,32.36914719,-88.70009602
North Delta Museum,https://www.facebook.com/northdeltamuseum/,34.37088584,-90.63998655
Ole Miss Blues Archive,http://www.olemiss.edu/depts/south,32.30069482,-90.17909029
Robert Johnson Heritage and Blues Museum,www.robertjohnsonbluesfoundation.org,31.98614317,-90.35758206
The Delta Center for Culture and Learning,http://www.deltastate.edu/,33.74696249,-90.73303245
Union County Heritage Museum,http://www.ucheritagemuseum.com/,34.49510375,-89.00521876
Delta Cultural Center,www.deltaculturalcenter.com,34.52361886,-90.5863831
Delta Music Museum,http://www.deltamusicmuseum.com/,31.62977001,-91.5535724
Graceland,http://www.elvis.com/,35.04791076,-90.02606003
Memphis Rock n Soul Museum,http://www.memphisrocknsoul.org/,35.13874871,-90.05219726
Stax Museum of American Soul Music,https://staxmuseum.org/,35.11579247,-90.03134733
Sun Studio,www.sunstudio.com,35.13931549,-90.03766439